{"loss": 147831.453125, "val_loss": 142184.828125, "accuracy": 0.0, "val_accuracy": 0.001, "_runtime": 113, "_timestamp": 1621442169, "_step": 111}